8000009462020;2020;196467751.0;104;53;105;60.9;2.9;19;34.3;27.3;24.3;800000946;1.0;1.3
8000009462019;2019;121897844.0;81;47;97;61.4;1.7;13;34.5;25.5;24.1;800000946;0.9;1.2
8000009462018;2018;117780294.0;68;55;72;69.9;0.0;15;29.0;2.1;1.1;800000946;0.8;1.2
8000127782020;2020;13295583.0;145;147;141;70.6;50.5;41;28.1;23.0;21.9;800012778;2.3;3.9
8000127782019;2019;15595291.0;144;121;105;67.9;52.6;43;31.2;22.8;21.8;800012778;1.9;3.0
8000127782018;2018;4096160.0;145;121;269;61.4;0.0;12;31.1;24.5;22.8;800012778;2.2;3.5
8000194372020;2020;18844642.0;41;65;34;25.6;12.6;17;26.5;26.8;21.3;800019437;1.4;2.8
8000194372019;2019;28941140.0;57;91;75;35.5;7.0;19;21.6;23.4;18.5;800019437;1.0;2.1
8000194372018;2018;36070614.0;69;151;127;45.0;5.2;24;22.6;23.7;18.8;800019437;0.6;1.6
8000287022020;2020;2035749.0;106;30;74;40.4;14.3;21;34.7;25.5;23.6;800028702;1.5;1.7
8000287022019;2019;2040297.0;100;16;56;34.0;14.4;20;32.2;25.5;24.2;800028702;1.8;1.9
8000287022018;2018;1431194.0;101;18;84;36.6;0.0;15;30.2;24.1;26.1;800028702;1.8;2.0
8000327412020;2020;1056226.0;67;109;84;31.1;50.1;22;39.4;18.1;20.0;800032741;0.9;1.5
8000327412019;2019;1477377.0;113;120;119;35.8;47.7;31;41.0;18.6;20.9;800032741;1.0;1.5
8000472662020;2020;-329218.0;237;87;536;82.1;26.4;-41;13.6;3.5;19.0;800047266;1.4;1.5
8000472662019;2019;153238.0;125;6;144;86.8;50.9;4;19.9;9.3;16.2;800047266;1.6;1.6
8000472662018;2018;475667.0;118;25;134;85.0;50.6;8;20.6;9.9;16.6;800047266;1.6;1.7
8000519292020;2020;9465467.0;55;215;50;31.6;46.0;50;24.0;11.9;13.9;800051929;1.0;2.5
8000519292019;2019;11134157.0;59;226;68;40.4;51.5;48;27.0;16.4;16.2;800051929;0.8;2.3
8000519292018;2018;9636609.0;86;165;82;39.4;38.5;42;22.1;12.9;14.2;800051929;1.1;2.4
8000779852020;2020;-1854848.0;133;103;812;187.5;33.7;-108;26.0;5.4;9.2;800077985;3.7;5.5
8000779852019;2019;-1730511.0;75;74;548;155.3;42.6;-75;26.5;11.8;13.9;800077985;2.6;3.8
8000779852018;2018;0.0;0;0;0;76.5;15.4;0;28.2;9.0;12.2;800077985;0.7;0.9
8000809172020;2020;40139679.0;110;66;50;54.4;72.9;34;26.1;20.2;19.4;800080917;1.4;1.9
8000809172019;2019;35910765.0;98;83;51;56.4;72.5;34;23.3;17.1;16.9;800080917;1.1;1.8
8000809172018;2018;25510381.0;66;74;62;60.2;64.9;21;23.0;8.8;7.8;800080917;1.1;1.7
8000817392020;2020;2282337.0;107;238;161;87.8;20.7;53;-10.4;-34.8;-29.9;800081739;0.2;0.8
8000817392019;2019;3396759.0;66;366;176;69.2;19.0;57;25.4;2.3;9.0;800081739;0.2;1.0
8000817392018;2018;1384458.0;48;396;320;64.9;32.0;28;28.0;2.4;2.4;800081739;0.3;1.5
8001141402020;2020;11015193.0;173;561;332;55.3;1.3;91;31.6;17.9;19.6;800114140;1.0;2.5
8001141402019;2019;5929270.0;114;435;370;64.3;1.9;43;34.4;12.9;15.0;800114140;0.8;1.9
8001141402018;2018;7296825.0;195;300;321;47.6;20.7;50;27.9;11.3;13.3;800114140;1.0;1.8
8001194272020;2020;5178718.0;90;20;36;43.3;44.7;21;15.7;1.7;4.9;800119427;1.3;1.6
8001194272019;2019;5762921.0;102;20;45;47.8;38.7;22;16.0;3.7;7.2;800119427;1.2;1.4
8001194272018;2018;784307.0;84;19;102;47.3;8.9;3;15.2;3.1;7.5;800119427;1.1;1.3
8001230572020;2020;2556207.0;45;52;21;61.5;51.2;19;19.7;14.8;13.7;800123057;1.1;2.1
8001230572019;2019;2662312.0;59;47;36;72.1;44.9;19;19.2;14.3;13.1;800123057;1.0;1.7
8001230572018;2018;1744492.0;47;41;41;70.1;26.8;13;18.2;13.6;12.5;800123057;0.8;1.4
8001381312020;2020;1145067.0;46;66;77;66.6;63.5;10;25.4;14.2;18.4;800138131;0.7;0.9
8001381312019;2019;577077.0;52;44;82;67.3;62.6;6;21.9;10.5;14.9;800138131;0.7;0.8
8001381312018;2018;-152058.0;18;36;66;93.3;68.4;-1;17.9;3.9;9.1;800138131;0.7;0.9
8001428112020;2020;16114432.0;117;193;82;31.0;32.3;55;27.3;8.2;8.3;800142811;2.2;4.1
8001428112019;2019;11749172.0;119;124;100;28.1;0.1;38;24.9;2.3;-0.2;800142811;1.8;2.9
8001428112018;2018;14108098.0;108;124;38;13.7;0.3;47;27.3;7.8;4.7;800142811;5.0;7.7
8001566882020;2020;733714.0;61;229;154;70.2;36.2;33;20.5;-19.7;-12.3;800156688;0.3;1.0
8001566882019;2019;836012.0;82;168;148;55.0;18.1;27;19.2;6.7;10.1;800156688;0.6;1.4
8001566882018;2018;824060.0;75;161;127;50.0;14.5;28;23.9;13.2;13.1;800156688;0.6;1.4
8001592192020;2020;6644667.0;142;228;303;81.2;32.7;23;23.8;17.6;19.1;800159219;0.6;1.3
8001592192019;2019;5424441.0;110;208;245;78.5;42.6;23;26.1;15.9;16.8;800159219;0.6;1.3
8001592192018;2018;5410641.0;119;148;202;75.7;42.4;22;27.5;19.0;17.1;800159219;0.7;1.2
8001710792020;2020;11137196.0;95;75;107;45.9;29.3;19;24.9;21.7;18.2;800171079;0.9;1.3
8001710792019;2019;9861294.0;87;80;111;49.3;30.8;17;22.9;18.3;15.9;800171079;0.7;1.2
8001710792018;2018;9296198.0;100;80;122;43.8;19.6;18;22.1;18.7;15.9;800171079;0.9;1.3
8001942032020;2020;2861643.0;105;113;139;38.7;16.0;23;23.5;25.8;13.6;800194203;1.3;2.0
8001942032019;2019;2832805.0;88;97;102;34.3;18.2;23;24.1;22.7;15.3;800194203;1.2;1.9
8001942032018;2018;2172343.0;85;99;125;33.7;3.2;18;20.4;15.5;10.9;800194203;1.0;1.7
8002003042020;2020;3690407.0;65;51;86;53.8;0.0;10;22.9;18.2;17.0;800200304;1.3;1.8
8002003042019;2019;3408697.0;67;26;65;54.5;1.7;9;16.8;10.9;11.5;800200304;1.5;1.9
8002003042018;2018;5099890.0;73;49;70;54.5;11.9;15;15.5;10.1;10.6;800200304;1.1;1.7
8002037582020;2020;22772102.0;143;107;111;32.7;20.4;39;37.9;32.7;28.6;800203758;2.2;2.9
8002037582019;2019;17621902.0;109;97;112;34.8;2.9;27;37.8;35.2;30.2;800203758;1.9;2.6
8002037582018;2018;14148678.0;103;96;107;30.7;0.2;26;35.6;16.1;11.0;800203758;2.2;2.9
8002079322020;2020;-406863.0;29;10;43;63.6;20.0;0;8.2;7.3;6.6;800207932;1.0;1.3
8002079322019;2019;-966656.0;36;9;56;66.5;23.6;-1;10.0;7.4;6.8;800207932;1.1;1.3
8002079322018;2018;-4094591.0;51;13;120;70.5;23.9;-12;10.3;1.8;2.1;800207932;0.9;1.1
8002217892020;2020;35237801.0;47;51;88;61.2;57.3;5;24.6;12.9;11.7;800221789;1.1;1.6
8002217892019;2019;52957235.0;62;45;86;59.9;58.5;9;27.0;16.0;14.4;800221789;1.0;1.5
8002217892018;2018;45363951.0;58;47;85;58.5;57.0;8;29.6;14.1;13.9;800221789;1.0;1.4
8002265712020;2020;1829102.0;51;88;46;37.8;21.3;23;17.3;16.5;15.6;800226571;0.8;1.8
8002265712019;2019;1494827.0;51;117;80;45.3;11.2;22;22.1;20.7;19.5;800226571;0.7;1.5
8002506262020;2020;3241297.0;70;157;101;36.7;10.2;30;32.4;28.1;23.5;800250626;1.3;2.4
8002506262019;2019;3400736.0;73;117;57;36.7;33.0;32;26.5;22.9;18.8;800250626;1.3;2.4
8002506262018;2018;2807769.0;75;120;50;30.3;30.3;35;26.3;22.3;17.9;800250626;1.4;2.7
8020086372020;2020;1084549.0;63;187;193;49.4;0.0;16;14.0;11.5;9.9;802008637;1.0;1.9
8020086372019;2019;2580334.0;56;209;108;49.8;21.7;39;14.2;11.1;9.3;802008637;1.0;2.5
8020213202020;2020;517310.0;84;152;215;54.5;0.0;8;17.3;10.3;8.6;802021320;0.8;1.5
8020213202019;2019;623354.0;78;201;245;58.6;0.0;11;16.2;9.2;7.6;802021320;0.6;1.4
8020213202018;2018;2339049.0;86;439;341;71.2;22.6;46;19.0;8.7;7.3;802021320;0.3;1.3
8060003872020;2020;2290354.0;33;124;34;33.7;84.9;27;27.0;7.6;10.4;806000387;0.4;0.9
8060003872019;2019;1733949.0;33;120;72;43.0;78.9;19;27.8;7.5;13.6;806000387;0.2;0.5
8060003872018;2018;1126102.0;19;67;55;45.8;0.0;7;25.7;14.2;14.8;806000387;0.1;0.5
8060031442020;2020;12323566.0;54;157;47;49.7;42.2;38;23.0;12.9;12.9;806003144;0.7;1.6
8060031442019;2019;11606301.0;54;132;61;63.5;53.8;30;20.7;11.1;11.8;806003144;0.5;1.4
8060031442018;2018;-801319.0;38;139;201;58.5;0.0;-2;22.6;10.3;12.2;806003144;0.3;1.2
8060080472020;2020;8526127.0;95;0;79;62.3;0.0;8;19.5;10.9;8.7;806008047;1.6;1.6
8060080472019;2019;10234352.0;96;0;68;60.4;0.0;11;22.1;12.1;9.1;806008047;1.6;1.6
8060080472018;2018;4243905.0;128;0;142;75.4;0.3;7;28.2;13.5;10.1;806008047;1.3;1.3
8100039072020;2020;53590409.0;122;27;104;39.1;9.6;19;33.8;42.4;34.0;810003907;1.9;2.1
8100039072019;2019;47410482.0;107;29;72;36.4;1.1;21;28.8;36.2;28.9;810003907;1.9;2.2
8100039072018;2018;22955174.0;102;12;80;44.7;0.8;14;27.2;34.6;27.3;810003907;1.7;1.8
8110096362020;2020;11068536.0;147;135;99;77.3;59.9;48;22.0;15.4;16.1;811009636;0.8;1.2
8110096362019;2019;9505136.0;142;85;54;78.7;72.9;46;14.7;11.6;13.9;811009636;0.8;1.2
8110096362018;2018;8116856.0;107;63;49;84.2;75.5;33;13.0;2.9;4.2;811009636;0.9;1.1
8110164782020;2020;6667186.0;56;1000;1000;90.1;23.1;11;100.0;13.4;11.6;811016478;1.0;1.1
8110164782019;2019;8027671.0;59;0;1000;86.3;19.1;12;100.0;12.9;10.7;811016478;1.0;1.0
8110164782018;2018;4753149.0;59;360;1572917040;96.1;23.6;8;100.0;9.9;8.1;811016478;0.9;0.9
8110233512020;2020;6095273.0;59;74;64;43.8;0.7;18;28.7;29.7;24.2;811023351;1.2;2.0
8110233512019;2019;3810950.0;52;56;60;53.3;7.2;13;16.7;12.9;12.8;811023351;0.9;1.5
8110233512018;2018;4200334.0;59;97;82;51.7;11.8;19;19.0;17.9;15.5;811023351;0.7;1.6
8110244142020;2020;5829004.0;91;98;70;28.8;1.3;30;37.1;36.7;30.4;811024414;1.7;2.5
8110244142019;2019;5125813.0;89;86;62;32.0;26.3;29;36.1;33.1;27.8;811024414;1.4;2.1
8110244142018;2018;4547719.0;99;84;66;24.6;0.7;30;37.1;34.0;28.7;811024414;1.9;2.7
8160067992020;2020;95644141.0;158;59;110;68.7;33.0;33;25.3;16.9;12.4;816006799;2.2;2.8
8160067992019;2019;98404740.0;174;105;116;79.0;52.3;46;23.8;10.9;8.0;816006799;1.4;1.9
8160067992018;2018;53256635.0;135;119;109;75.6;43.5;39;18.5;-17.0;-17.0;816006799;1.5;2.5
8170026762020;2020;-81901840.0;33;54;174;47.0;0.8;-25;-3.6;-7.7;-6.4;817002676;0.4;0.7
8170026762019;2019;-29816658.0;30;39;103;33.7;0.4;-8;7.2;7.2;4.8;817002676;0.4;0.8
8170026762018;2018;-17161978.0;27;40;91;28.6;0.0;-4;12.2;6.6;4.5;817002676;0.5;0.9
8170029252020;2020;1797942.0;178;91;62;53.1;67.6;54;33.5;18.2;23.1;817002925;1.7;2.1
8170029252019;2019;2157606.0;145;35;42;57.1;71.9;39;37.6;20.9;23.9;817002925;1.9;2.2
8300005562020;2020;15108123.0;71;32;40;30.8;44.3;18;25.2;21.9;18.5;830000556;1.8;2.2
8300005562019;2019;14772766.0;85;31;51;26.3;19.8;19;23.9;20.4;17.0;830000556;1.7;2.0
8300005562018;2018;12624355.0;83;28;42;31.0;30.1;20;19.5;6.5;5.6;830000556;1.4;1.6
8300068332020;2020;3635633.0;89;107;104;65.4;19.0;25;32.2;27.9;25.1;830006833;0.8;1.4
8300068332019;2019;3367856.0;93;98;98;73.3;32.9;25;27.3;18.2;18.2;830006833;0.8;1.4
8300068332018;2018;2781593.0;114;91;107;67.9;29.6;28;27.0;18.5;19.3;830006833;1.0;1.5
8300272312020;2020;-6765217.0;146;170;373;79.8;20.4;-3;20.8;17.5;14.0;830027231;0.7;1.1
8300272312019;2019;-16165810.0;163;196;470;94.5;23.9;-14;21.1;17.1;15.0;830027231;0.7;1.1
8300272312018;2018;30386224.0;204;148;212;98.9;57.3;42;21.0;18.4;14.8;830027231;0.8;1.2
8300415982020;2020;21069565.0;103;133;120;18.4;5.2;31;33.7;10.5;6.3;830041598;3.4;4.2
8300415982019;2019;39970373.0;98;74;53;18.3;11.5;31;26.5;12.2;5.5;830041598;3.3;4.3
8300415982018;2018;63362180.0;187;158;113;12.6;0.0;60;36.8;15.5;5.2;830041598;2.9;4.1
8300712122020;2020;1784261.0;85;95;100;50.3;12.0;22;19.7;12.4;12.1;830071212;1.2;2.0
8300712122019;2019;2175989.0;92;127;102;51.3;16.4;31;17.4;10.3;9.5;830071212;1.0;2.1
8300712122018;2018;2186947.0;88;117;88;47.3;22.7;30;22.9;16.7;15.5;830071212;1.3;2.3
8300716042020;2020;12394571.0;103;49;79;28.0;12.8;22;23.9;23.8;19.3;830071604;1.9;2.4
8300716042019;2019;11133607.0;95;40;69;30.7;14.5;20;22.3;22.2;17.6;830071604;1.6;2.0
8300716042018;2018;7329139.0;92;40;90;36.9;13.8;13;15.7;14.1;12.3;830071604;1.2;1.6
8300754512020;2020;-6825707.0;17;45;117;43.5;10.4;-12;15.4;11.8;11.2;830075451;0.9;1.3
8300754512019;2019;-2656720.0;5;51;79;37.3;15.7;-4;22.1;15.4;14.8;830075451;0.7;1.3
8300754512018;2018;-1032361.0;3;54;66;40.8;18.2;-1;22.3;14.0;14.3;830075451;0.5;1.1
8300801502020;2020;7650931.0;89;79;91;51.6;3.8;22;28.8;31.6;25.3;830080150;1.3;1.9
8300801502019;2019;7964649.0;86;123;119;71.4;20.8;24;28.2;25.8;23.8;830080150;0.7;1.4
8300801502018;2018;6535401.0;95;133;131;80.7;39.5;26;26.5;20.1;20.6;830080150;0.7;1.2
8300929632020;2020;64542389.0;61;62;62;40.1;43.9;17;25.8;14.4;11.6;830092963;1.9;2.6
8300929632019;2019;106918657.0;74;159;108;57.2;44.5;31;24.9;20.6;16.0;830092963;0.7;1.6
8300929632018;2018;45964641.0;159;119;217;60.4;29.1;22;20.4;13.1;9.1;830092963;1.0;1.6
8300982902020;2020;57783574.0;5;203;14;36.1;79.3;47;12.4;20.8;18.5;830098290;0.4;1.8
8300982902019;2019;46274254.0;5;174;29;65.1;89.6;37;9.5;9.9;8.4;830098290;0.7;1.2
8300982902018;2018;39256769.0;7;214;69;63.2;78.7;38;9.1;8.2;6.7;830098290;0.7;1.2
8301037012020;2020;17946937.0;339;88;91;8.1;13.7;93;24.3;10.4;7.1;830103701;5.8;6.6
8301037012019;2019;14152960.0;142;32;89;15.7;2.0;28;30.4;28.5;20.4;830103701;3.4;3.7
8301037012018;2018;17915916.0;180;70;105;25.1;36.1;43;27.9;25.7;18.3;830103701;1.8;2.3
8301052132020;2020;321048.0;117;43;145;39.9;0.0;10;23.5;18.5;14.6;830105213;2.2;2.5
8301052132019;2019;879498.0;84;60;46;44.1;47.0;26;24.8;17.9;14.0;830105213;1.9;2.4
8600001352020;2020;-22215332.0;21;37;96;72.8;37.6;-6;25.1;19.1;23.2;860000135;0.6;0.9
8600001352019;2019;-3646564.0;33;42;97;69.3;35.5;-1;29.8;22.2;27.1;860000135;0.5;0.9
8600001352018;2018;2559464.0;37;44;94;77.0;42.9;1;32.3;3.8;8.9;860000135;0.4;0.7
8600004522020;2020;470604091.0;156;177;38;47.9;71.5;75;17.8;14.0;14.6;860000452;1.1;1.8
8600004522019;2019;486193285.0;129;161;46;48.0;61.5;62;18.4;13.4;14.7;860000452;0.9;1.7
8600004522018;2018;557877824.0;156;214;53;61.3;73.7;81;14.7;-1.2;1.9;860000452;0.7;1.5
8600008962020;2020;11929407.0;52;71;146;53.6;0.0;3;47.3;46.7;39.9;860000896;0.7;1.0
8600008962019;2019;12740249.0;50;64;136;58.2;0.0;3;46.4;47.9;40.6;860000896;0.6;1.0
8600008962018;2018;31735354.0;56;110;156;53.2;0.0;8;45.6;15.6;14.4;860000896;0.7;1.3
8600019632020;2020;48512196.0;85;151;118;39.0;52.8;30;28.1;-1.1;3.1;860001963;0.6;1.1
8600019632019;2019;56416887.0;79;131;86;42.9;58.0;31;26.5;1.9;5.9;860001963;0.6;1.1
8600019632018;2018;55107519.0;83;145;98;43.6;57.4;33;24.7;0.3;5.3;860001963;0.5;1.0
8600019652020;2020;90020148.0;80;176;106;58.0;23.1;36;29.5;1.4;1.8;860001965;1.0;2.0
8600019652019;2019;113040177.0;93;191;116;54.3;14.7;39;34.3;5.7;3.2;860001965;0.9;2.0
8600019652018;2018;119924366.0;103;238;135;54.4;14.0;46;37.3;5.7;4.2;860001965;0.8;2.0
8600020672020;2020;51572376.0;69;127;83;38.5;45.3;28;24.3;17.5;15.5;860002067;0.9;1.5
8600020672019;2019;70085080.0;73;131;66;31.1;31.5;33;26.0;18.5;16.9;860002067;1.2;2.4
8600020672018;2018;63894449.0;77;124;76;33.4;33.2;31;25.9;9.8;7.9;860002067;1.5;2.6
8600025182020;2020;6581428.0;39;0;54;49.3;0.0;0;31.4;3.9;2.4;860002518;1.4;1.4
8600025182019;2019;64922395.0;72;0;84;52.3;0.0;4;34.4;10.5;7.4;860002518;1.4;1.4
8600025182018;2018;79699420.0;77;0;92;52.4;0.0;5;39.2;17.6;12.1;860002518;1.4;1.4
8600061272020;2020;9242777.0;55;39;82;37.1;15.5;5;17.8;16.1;14.4;860006127;1.0;1.4
8600061272019;2019;15093324.0;59;36;74;34.1;9.4;8;23.3;22.1;19.3;860006127;1.1;1.6
8600061272018;2018;8717381.0;57;31;81;35.6;9.7;5;25.0;23.9;20.8;860006127;1.1;1.4
8600068532020;2020;31062343.0;83;65;92;51.6;50.1;17;19.9;11.9;16.0;860006853;1.0;1.5
8600068532019;2019;49873085.0;79;90;83;60.2;56.9;23;12.8;5.9;9.4;860006853;0.7;1.2
8600068532018;2018;61929984.0;91;96;75;58.2;59.4;30;9.9;-4.8;-2.1;860006853;0.7;1.3
8600069652020;2020;13131756.0;89;97;122;52.7;65.5;20;34.3;18.3;18.2;860006965;1.4;2.0
8600069652019;2019;12664675.0;84;79;109;56.1;68.6;17;35.3;15.7;16.7;860006965;1.3;1.8
8600069652018;2018;19609955.0;112;96;101;56.1;73.8;30;33.1;9.3;11.6;860006965;1.4;2.0
8600079552020;2020;120465569.0;109;121;167;58.8;42.6;22;36.5;10.5;10.9;860007955;1.1;1.7
8600079552019;2019;116015292.0;117;104;159;59.7;42.6;22;35.8;11.4;10.6;860007955;1.1;1.7
8600079552018;2018;66919063.0;89;122;189;67.6;42.1;12;35.0;10.1;10.0;860007955;0.9;1.4
8600137152019;2019;2821796.0;107;162;266;67.6;25.2;11;36.9;20.3;13.6;860013715;1.3;2.2
8600137152018;2018;1262034.0;119;112;252;75.7;27.0;5;28.9;7.6;11.4;860013715;1.2;1.9
8600157532020;2020;98304394.0;98;47;116;61.3;47.9;11;15.8;-8.1;-5.9;860015753;0.7;0.9
8600157532019;2019;86052055.0;79;49;105;45.7;20.6;9;18.3;-6.6;-5.4;860015753;0.9;1.3
8600157532018;2018;47841208.0;72;45;111;39.0;1.2;5;21.0;-7.0;-5.4;860015753;1.1;1.4
8600166952020;2020;4346306.0;82;134;154;72.1;21.0;18;24.5;15.7;17.6;860016695;0.9;1.5
8600166952019;2019;3411907.0;56;98;90;66.8;24.8;17;21.1;-2.4;0.5;860016695;1.1;1.8
8600166952018;2018;7133452.0;80;140;81;57.7;34.6;35;21.0;10.9;12.5;860016695;1.1;2.1
8600259982020;2020;6335870.0;121;226;151;17.1;2.7;47;31.7;9.1;4.9;860025998;2.5;3.6
8600259982019;2019;7751887.0;97;175;118;25.5;1.8;37;34.7;14.0;10.1;860025998;2.1;3.2
8600259982018;2018;6181107.0;101;159;142;26.7;3.2;31;33.7;12.4;10.2;860025998;1.9;2.7
8600273262020;2020;10589777.0;80;95;115;41.6;11.2;18;29.5;12.5;12.2;860027326;0.9;1.4
8600273262019;2019;13331627.0;85;100;93;42.5;24.5;25;24.0;5.5;6.2;860027326;0.8;1.5
8600273262018;2018;11203101.0;92;102;104;40.9;24.6;25;23.2;2.6;4.7;860027326;0.8;1.5
8600325502020;2020;-22068687.0;29;102;199;70.9;31.6;-8;39.4;-7.0;-4.6;860032550;1.1;1.6
8600325502019;2019;728929.0;38;96;153;71.0;34.9;0;34.5;-7.6;-5.0;860032550;1.2;2.0
8600325502018;2018;45783357.0;42;117;113;72.5;36.7;12;34.4;-9.7;-7.1;860032550;0.6;1.2
8600326572020;2020;9256177.0;102;74;94;50.7;27.9;24;22.6;10.7;9.8;860032657;1.2;1.7
8600326572019;2019;9743076.0;89;83;85;65.7;43.3;24;22.6;13.3;11.8;860032657;0.9;1.4
8600326572018;2018;13177800.0;96;97;52;60.3;53.5;37;16.9;6.9;7.3;860032657;0.9;1.5
8600394442020;2020;6723486.0;99;75;158;70.1;1.0;8;15.6;3.3;3.9;860039444;1.6;2.3
8600394442019;2019;26650179.0;86;81;70;74.5;45.4;26;12.8;-0.2;1.9;860039444;1.0;1.7
8600394442018;2018;24494995.0;98;82;83;74.4;45.4;27;14.2;1.6;3.5;860039444;0.9;1.3
8600418892020;2020;-282704.0;57;69;167;66.1;8.2;-2;30.9;23.4;23.2;860041889;0.7;1.0
8600418892019;2019;569336.0;45;47;100;67.1;16.1;3;36.4;27.4;24.1;860041889;0.8;1.1
8600418892018;2018;1831151.0;68;64;110;72.7;16.4;10;33.1;25.5;22.7;860041889;0.6;0.9
8600421412020;2020;-24209196.0;63;75;202;74.8;44.6;-7;28.1;20.5;23.0;860042141;1.3;2.0
8600421412019;2019;-15693080.0;81;82;222;77.5;46.7;-6;25.9;17.6;20.1;860042141;1.2;2.0
8600421412018;2018;19292797.0;82;104;174;77.3;55.9;8;26.6;15.3;19.9;860042141;1.1;2.0
8600493132020;2020;24801278.0;87;102;70;64.0;64.1;31;23.3;1.7;6.7;860049313;0.7;1.3
8600493132019;2019;25601712.0;127;108;133;65.8;51.6;29;20.1;-5.2;0.9;860049313;0.7;1.1
8600493132018;2018;31080652.0;162;84;136;66.3;50.7;32;14.7;-5.7;0.7;860049313;0.7;1.0
8600561502020;2020;32426779.0;112;62;177;85.5;7.2;5;18.2;14.7;14.4;860056150;0.8;1.1
8600561502019;2019;56026220.0;119;96;192;86.3;21.9;13;26.0;23.5;22.3;860056150;0.8;1.2
8600561502018;2018;61419156.0;122;86;182;90.7;29.6;13;24.7;3.4;2.5;860056150;0.8;1.1
8600599852020;2020;765782.0;98;80;159;39.0;0.0;12;29.6;24.3;21.9;860059985;1.2;1.5
8600599852019;2019;1243983.0;100;82;142;60.8;28.1;16;28.2;22.4;21.9;860059985;1.1;1.5
8600721722020;2020;24454758.0;73;44;89;55.1;39.4;10;22.3;-0.2;4.3;860072172;0.7;1.0
8600721722019;2019;6171264.0;62;41;113;54.1;39.7;2;27.3;-2.8;2.4;860072172;0.7;1.0
8600721722018;2018;15995031.0;72;46;108;53.0;44.1;7;26.8;-5.1;0.2;860072172;0.8;1.1
8600902222019;2019;28547069.0;84;110;109;22.4;0.0;23;44.9;41.0;35.0;860090222;1.7;2.5
8600902222018;2018;-2939991.0;72;73;223;34.7;0.0;-2;45.5;39.3;35.1;860090222;1.3;1.6
8605008052020;2020;-2731613.0;45;103;203;69.4;43.4;-7;29.0;15.7;13.9;860500805;0.2;0.4
8605008052019;2019;685049.0;48;91;147;69.5;53.0;1;26.1;13.4;11.6;860500805;0.2;0.5
8605008052018;2018;-1598563.0;52;77;169;68.9;44.5;-4;27.0;13.0;13.0;860500805;0.2;0.5
8605015752020;2020;5071291.0;75;47;31;60.8;47.4;24;17.9;17.2;14.1;860501575;1.2;1.6
8605015752019;2019;6245593.0;179;197;149;70.8;48.1;60;21.7;17.7;14.8;860501575;0.8;1.5
8605015752018;2018;3754048.0;154;181;117;58.9;48.8;56;21.8;16.0;13.8;860501575;0.7;1.3
8605188112020;2020;16589597.0;83;62;104;66.2;34.5;13;19.9;20.7;17.8;860518811;1.4;2.0
8605188112019;2019;17889284.0;68;38;48;61.0;54.2;16;19.4;16.6;15.9;860518811;2.1;2.7
8605188112018;2018;26535971.0;71;78;48;65.6;58.7;26;19.9;7.7;7.7;860518811;1.6;2.9
8605220562020;2020;58214446.0;82;133;76;49.0;53.0;35;21.7;-2.1;5.9;860522056;0.9;1.7
8605220562019;2019;53869391.0;80;122;96;58.1;50.2;28;20.4;-5.9;-1.7;860522056;0.6;1.3
8605220562018;2018;59766802.0;118;137;161;62.7;44.2;28;23.1;6.1;7.9;860522056;0.6;1.1
8901016762020;2020;52000841.0;85;133;74;43.1;62.8;34;33.2;21.6;24.3;890101676;1.0;1.9
8901016762019;2019;44360465.0;75;138;90;46.9;52.1;30;28.8;26.6;24.6;890101676;0.9;1.9
8901016762018;2018;35512496.0;82;112;89;45.8;42.3;27;28.9;10.1;8.5;890101676;1.1;1.8
8902092072020;2020;8808696.0;42;160;48;46.1;8.9;34;28.3;17.6;13.1;890209207;0.6;1.3
8902092072019;2019;7896363.0;64;77;35;46.5;12.2;26;26.9;13.9;10.8;890209207;0.9;1.3
8902092072018;2018;5179002.0;72;113;66;35.0;28.8;29;25.1;7.3;7.0;890209207;0.7;1.4
8903004662020;2020;354345269.0;74;96;92;52.1;45.2;21;36.9;10.2;8.4;890300466;1.3;2.0
8903004662019;2019;311617187.0;90;79;106;61.7;48.6;20;37.3;3.6;3.8;890300466;1.5;2.1
8903004662018;2018;205993186.0;76;92;129;68.3;45.7;15;37.3;1.7;4.8;890300466;0.9;1.4
8903004842020;2020;10108309.0;95;94;115;57.1;21.9;21;18.6;11.9;13.4;890300484;0.9;1.5
8903004842019;2019;2552717.0;60;109;162;71.6;12.4;4;18.1;16.0;17.2;890300484;0.5;1.1
8903016902020;2020;87776319.0;78;62;117;44.9;0.6;10;27.6;21.5;19.2;890301690;1.1;1.5
8903016902019;2019;112350672.0;78;56;94;42.6;0.1;13;27.5;21.3;18.7;890301690;1.1;1.6
8903016902018;2018;120011332.0;79;55;85;40.0;0.0;15;27.6;14.4;11.1;890301690;1.1;1.6
8903046072020;2020;7544817.0;46;74;54;46.5;49.4;16;28.4;23.2;24.1;890304607;0.8;1.2
8903046072019;2019;4673792.0;47;54;67;45.3;39.0;10;27.1;21.8;22.6;890304607;0.8;1.1
8903046072018;2018;2620705.0;50;78;117;50.5;26.8;6;26.5;21.6;24.9;890304607;0.6;1.0
8903101712020;2020;9554185.0;86;68;94;63.6;32.1;18;17.2;12.5;12.0;890310171;0.8;1.3
8903101712019;2019;11033385.0;94;69;94;69.1;41.5;20;18.2;15.2;13.9;890310171;0.8;1.2
8903101712018;2018;9432597.0;110;63;95;68.6;44.1;23;17.0;13.0;11.5;890310171;0.9;1.3
8904065892020;2020;4961094.0;35;180;73;55.8;41.5;35;14.7;-3.5;2.0;890406589;0.4;0.9
8904065892019;2019;3292407.0;28;74;60;44.5;13.7;10;25.4;16.2;16.8;890406589;0.6;1.2
8904065892018;2018;-2078550.0;40;58;136;67.1;5.4;-3;29.7;12.9;8.1;890406589;0.8;1.0
8905033142020;2020;11018484.0;57;75;131;41.4;33.4;6;42.0;35.0;36.3;890503314;1.5;1.9
8905033142019;2019;22733492.0;72;117;141;42.6;33.0;15;37.8;31.8;32.0;890503314;1.0;1.6
8905033142018;2018;23356657.0;74;97;123;36.0;31.3;16;38.7;30.6;31.1;890503314;1.2;1.8
8908001482020;2020;58448706.0;62;103;90;32.3;2.4;20;22.0;13.6;12.2;890800148;1.0;1.9
8908001482019;2019;61038559.0;59;83;74;31.4;2.3;18;20.8;16.1;14.3;890800148;1.1;2.0
8908001482018;2018;36628866.0;68;85;84;33.8;0.2;18;24.6;11.2;7.8;890800148;1.1;1.9
8908054532020;2020;17514588.0;42;64;37;25.4;0.2;17;30.5;33.0;27.5;890805453;2.2;3.1
8908054532019;2019;21707939.0;55;61;36;22.9;0.3;20;27.2;26.8;23.5;890805453;2.4;3.7
8908054532018;2018;23282773.0;64;94;54;31.5;0.2;25;31.2;23.7;16.7;890805453;1.4;2.5
8909000822020;2020;1952400.0;35;105;152;64.9;40.2;0;30.6;19.1;24.5;890900082;0.8;1.4
8909000822019;2019;17187618.0;48;128;155;68.6;44.3;8;31.7;21.4;24.2;890900082;0.6;1.2
8909000822018;2018;4750754.0;52;122;188;64.6;37.0;2;34.4;27.3;30.2;890900082;0.8;1.7
8909001202020;2020;24694363.0;47;77;105;53.7;38.4;8;35.9;10.9;10.9;890900120;1.0;1.5
8909001202019;2019;28611012.0;44;65;81;56.5;46.2;9;32.0;6.8;5.9;890900120;0.9;1.5
8909001202018;2018;69415587.0;80;63;61;45.7;30.0;22;32.2;10.1;7.9;890900120;1.3;1.8
8909001482020;2020;149675801.0;140;72;117;79.3;26.6;30;31.3;13.6;9.8;890900148;1.7;2.2
8909001482019;2019;189807752.0;160;74;120;84.3;29.6;35;30.6;10.4;7.8;890900148;1.7;2.2
8909001482018;2018;195064708.0;173;84;123;83.1;37.2;40;30.3;5.8;5.1;890900148;1.5;2.0
8909002532020;2020;1039429.0;1026;0;1000;9.5;0.0;98;100.0;58.2;42.2;890900253;10.4;10.4
8909002532019;2019;3949389.0;1449;0;1000;11.1;0.0;265;100.0;122.0;95.0;890900253;8.8;8.8
8909002532018;2018;-10796468.0;1086;360;-2147483648;53.2;0.0;-525;100.0;128.4;94.0;890900253;1.9;1.9
8909004532020;2020;11731226.0;121;86;83;77.0;60.8;34;31.5;17.6;19.6;890900453;1.2;1.7
8909004532019;2019;15220915.0;93;82;47;74.5;64.6;32;31.4;23.4;22.7;890900453;1.0;1.5
8909004532018;2018;12666699.0;105;85;81;72.1;46.5;30;30.7;23.0;22.1;890900453;1.1;1.6
8909005332020;2020;3869137.0;110;148;55;26.7;32.8;43;49.5;25.4;23.7;890900533;8.9;10.2
8909005332019;2019;5069119.0;96;109;52;21.9;53.7;34;53.6;28.7;22.0;890900533;6.8;7.7
8909005332018;2018;5411443.0;109;124;30;22.6;65.1;42;54.0;31.1;21.0;890900533;10.3;11.5
8909006522020;2020;73316788.0;39;144;69;34.2;29.6;24;35.1;16.6;13.7;890900652;0.7;1.9
8909006522019;2019;71156880.0;44;151;63;36.7;47.2;29;31.7;9.7;9.5;890900652;0.8;2.2
8909006522018;2018;74974990.0;66;174;89;40.1;41.1;33;35.2;14.3;10.1;890900652;1.0;2.3
8909032952020;2020;30086213.0;122;6;89;66.4;42.1;12;5.0;-4.9;-3.0;890903295;1.0;1.0
8909032952019;2019;27565252.0;102;3;69;64.7;48.6;11;6.7;-3.9;-1.6;890903295;1.4;1.4
8909032952018;2018;26153359.0;105;2;75;50.9;5.2;11;12.3;2.8;2.2;890903295;1.8;1.8
8909033102020;2020;65865898.0;122;70;129;55.4;36.0;21;19.7;6.8;7.1;890903310;1.1;1.6
8909033102019;2019;66717353.0;107;76;108;58.1;48.1;22;18.6;4.1;5.7;890903310;1.1;1.7
8909033102018;2018;73197843.0;97;77;90;58.4;50.0;23;12.6;-2.3;0.6;890903310;1.0;1.7
8909034362020;2020;26749151.0;196;95;134;32.6;1.9;47;32.1;8.2;7.4;890903436;2.1;2.6
8909034362019;2019;30128262.0;135;64;140;50.3;8.5;23;32.1;2.6;2.3;890903436;1.5;1.8
8909034362018;2018;36157631.0;146;62;123;42.7;0.6;29;34.3;0.4;-0.3;890903436;1.7;2.1
8909041382020;2020;64771341.0;140;168;157;37.6;16.8;41;26.2;23.7;19.8;890904138;1.0;1.8
8909041382019;2019;57020351.0;132;136;134;37.2;20.2;37;24.1;21.1;18.4;890904138;1.1;1.8
8909041382018;2018;49003949.0;161;159;190;41.0;9.1;37;18.2;2.9;2.4;890904138;0.9;1.6
8909086492020;2020;83961970.0;100;144;56;74.9;71.1;46;22.7;2.6;5.0;890908649;2.2;4.2
8909086492019;2019;83066248.0;112;140;85;76.5;60.6;43;21.0;1.8;3.9;890908649;1.1;2.0
8909086492018;2018;79237625.0;109;157;94;78.6;59.8;44;21.8;-0.7;2.6;890908649;1.0;1.9
8909104682020;2020;5677657.0;75;47;64;67.5;53.7;17;25.4;19.3;13.4;890910468;1.3;1.8
8909104682019;2019;6933686.0;74;69;59;75.4;48.0;23;20.9;14.5;12.0;890910468;1.0;1.6
8909104682018;2018;3990228.0;89;72;113;74.9;15.7;15;18.6;11.4;9.8;890910468;1.2;1.8
8909113272020;2020;34943924.0;197;134;122;56.8;61.6;56;39.1;12.0;10.8;890911327;1.7;2.3
8909113272019;2019;36159999.0;203;164;100;57.7;71.4;67;40.1;3.5;6.5;890911327;1.4;2.1
8909113272018;2018;30649392.0;159;219;132;58.8;62.5;58;40.4;7.1;8.9;890911327;0.9;1.5
8909131832020;2020;7239303.0;319;0;258;59.9;0.5;32;21.1;5.7;6.0;890913183;1.5;1.5
8909131832019;2019;10140106.0;202;0;108;43.7;0.9;40;49.6;8.3;6.6;890913183;1.8;1.8
8909131832018;2018;6705400.0;80;0;20;25.5;7.8;18;33.1;4.4;2.0;890913183;2.3;2.3
8909139522020;2020;7892883.0;189;0;3;19.2;0.0;51;6.0;3.8;2.3;890913952;3.0;3.0
8909139522019;2019;8481839.0;85;26;6;27.1;0.0;27;21.9;13.8;11.3;890913952;1.8;2.1
8909139522018;2018;6655552.0;99;69;104;54.6;19.9;19;20.6;1.8;1.7;890913952;0.8;1.1
8909154922020;2020;5278626.0;92;77;58;57.3;59.6;29;31.7;16.9;14.9;890915492;1.7;2.3
8909154922019;2019;5532902.0;81;85;58;62.2;54.4;27;28.4;14.2;12.9;890915492;1.3;2.1
8909154922018;2018;5289993.0;86;100;69;69.4;54.2;29;29.4;14.6;13.8;890915492;1.1;1.8
8909170182020;2020;17344433.0;78;107;81;62.7;51.3;27;21.2;11.3;13.9;890917018;0.9;1.6
8909170182019;2019;19611879.0;102;98;63;63.6;65.6;36;19.3;9.6;12.6;890917018;0.9;1.4
8909170182018;2018;15410342.0;108;79;78;61.2;61.2;30;18.7;10.9;13.0;890917018;0.9;1.4
8909172952020;2020;34683222.0;101;116;153;37.4;6.7;20;25.3;15.0;12.4;890917295;1.6;2.7
8909172952019;2019;59237482.0;101;122;83;34.9;35.0;36;25.3;14.5;12.8;890917295;1.0;1.8
8909172952018;2018;58897611.0;114;126;87;39.0;43.8;40;23.0;15.6;13.4;890917295;0.8;1.4
8909251082020;2020;74511907.0;120;42;93;27.7;8.1;23;31.1;30.0;23.3;890925108;1.3;1.6
8909251082019;2019;73998749.0;117;39;86;31.7;20.7;22;26.0;24.0;18.4;890925108;1.4;1.8
8909251082018;2018;89023668.0;128;37;57;36.7;41.1;31;24.3;20.0;16.6;890925108;1.7;2.1
8909252152020;2020;159376538.0;127;47;54;51.1;52.8;33;26.2;14.3;13.5;890925215;1.6;2.1
8909252152019;2019;140537015.0;116;81;74;61.5;58.1;33;23.8;12.0;10.3;890925215;1.0;1.6
8909252152018;2018;152199471.0;135;90;69;62.8;64.7;42;24.4;10.1;10.0;890925215;1.0;1.5
8909274042020;2020;1072934.0;40;103;143;81.1;31.2;4;41.9;30.3;28.9;890927404;0.6;1.1
8909274042019;2019;2050822.0;53;76;113;77.3;31.3;8;37.4;22.7;23.6;890927404;0.6;1.1
8909274042018;2018;1853525.0;59;73;125;63.0;9.6;7;39.5;25.5;26.0;890927404;0.8;1.3
8909327442020;2020;1550447.0;49;94;112;53.1;6.2;9;19.6;15.8;14.6;890932744;1.2;1.9
8909327442019;2019;1676659.0;37;68;76;51.2;5.7;8;20.3;17.8;16.5;890932744;1.2;1.9
8909327442018;2018;2505211.0;50;110;106;59.3;5.1;15;20.8;16.2;15.5;890932744;0.8;1.7
8909346412020;2020;573581.0;151;97;306;100.5;37.4;8;42.1;33.1;34.8;890934641;0.5;0.6
8909346412019;2019;781140.0;162;83;232;100.1;38.1;12;20.3;1.4;9.7;890934641;0.5;0.6
8909346412018;2018;1884788.0;151;122;194;90.3;39.6;25;18.4;6.1;10.9;890934641;0.5;0.8
8909354932020;2020;-4966727.0;88;108;309;37.0;0.7;-10;37.8;10.2;38.8;890935493;1.0;1.6
8909354932019;2019;-26312971.0;65;114;569;68.2;1.1;-62;35.9;19.4;24.6;890935493;0.4;0.8
8909354932018;2018;-22239329.0;56;117;655;66.2;2.3;-79;36.2;5.6;16.5;890935493;0.4;0.6
8909380202019;2019;17752531.0;106;87;102;88.8;60.3;26;14.6;2.1;1.9;890938020;0.8;1.1
8909380202018;2018;18104287.0;105;63;109;104.9;57.7;18;14.2;3.3;3.0;890938020;0.7;0.9
8909419122020;2020;2393356.0;55;31;39;21.8;0.0;13;21.6;15.0;12.4;890941912;3.0;3.7
8909419122019;2019;3104817.0;63;24;24;17.7;0.0;17;19.3;10.2;9.5;890941912;3.4;4.2
8909419122018;2018;2450540.0;44;43;23;24.4;0.0;16;18.4;10.7;8.7;890941912;2.6;3.7
8914003782020;2020;15423225.0;57;51;113;63.2;42.0;2;23.6;11.0;11.9;891400378;0.6;0.9
8914003782019;2019;-38886585.0;45;44;137;66.7;38.3;-9;14.9;0.2;2.7;891400378;0.6;0.9
8914003782018;2018;-37294079.0;43;39;137;61.7;29.8;-9;20.4;-0.6;2.4;891400378;0.6;0.8
8914007542020;2020;30137790.0;93;22;38;57.2;72.7;22;21.3;18.2;20.1;891400754;1.3;1.4
8914007542019;2019;31629490.0;88;59;58;59.4;70.1;24;22.0;19.7;20.7;891400754;1.2;1.6
8914007542018;2018;28216260.0;103;63;74;61.2;66.9;26;23.0;5.0;7.2;891400754;1.3;1.8
8922009942020;2020;6550495.0;49;131;94;71.5;49.7;21;26.1;13.2;14.9;892200994;0.7;1.5
8922009942019;2019;8198663.0;78;120;107;75.4;50.1;24;27.5;14.1;16.2;892200994;0.7;1.3
8922009942018;2018;6554377.0;75;101;106;74.8;45.4;19;24.2;14.2;15.3;892200994;0.7;1.3
9000076502019;2019;28530979.0;84;87;95;23.7;6.2;22;39.1;15.6;11.1;900007650;2.6;3.2
9000076502018;2018;34174705.0;101;103;116;26.1;0.0;25;37.1;12.6;8.5;900007650;2.0;2.7
9000526032020;2020;581517.0;106;88;152;66.7;28.6;15;18.8;7.1;5.4;900052603;0.9;1.5
9000526032019;2019;906910.0;136;71;135;63.9;31.7;23;16.4;7.4;5.6;900052603;1.2;1.8
9000526032018;2018;900255.0;62;129;111;62.5;31.6;21;13.9;6.6;5.3;900052603;0.7;1.8
9000545872020;2020;-231305.0;3;22;36;30.4;0.0;-2;20.2;16.3;15.0;900054587;0.6;1.2
9000545872019;2019;141183.0;0;57;52;38.6;0.0;1;22.4;9.8;12.8;900054587;0.5;1.5
9000545872018;2018;1151635.0;8;46;14;16.7;0.1;9;18.1;9.6;9.0;900054587;1.3;4.0
9000567952020;2020;1563401.0;14;106;48;33.8;0.0;16;24.0;23.5;20.0;900056795;1.1;2.5
9000567952019;2019;1841234.0;23;101;31;24.6;0.0;21;23.1;21.7;18.7;900056795;1.5;3.7
9001122152020;2020;1545680.0;101;146;169;63.6;12.1;23;28.7;19.9;22.0;900112215;0.8;1.6
9001122152019;2019;1010963.0;86;108;141;59.3;5.5;17;28.8;22.2;23.3;900112215;0.8;1.5
9001122152018;2018;665929.0;82;79;133;62.0;1.2;12;30.5;21.7;22.6;900112215;0.9;1.4
9001871402020;2020;170735.0;63;37;181;61.1;22.6;2;62.4;49.8;47.1;900187140;0.8;0.9
9001871402019;2019;1099791.0;112;48;179;57.4;29.6;21;73.1;56.8;53.3;900187140;1.4;1.6
9001871402018;2018;1130516.0;122;44;172;59.9;29.5;21;64.8;49.9;44.9;900187140;1.5;1.7
9002390012019;2019;65574401.0;87;69;45;17.5;0.0;28;41.0;31.5;26.3;900239001;2.5;3.6
9002390012018;2018;26207729.0;30;75;34;14.2;0.0;17;25.2;11.3;9.1;900239001;1.5;3.2
9003043052020;2020;5956.0;29;103;139;63.9;16.7;0;18.8;16.6;15.3;900304305;0.6;1.3
9003043052019;2019;960863.0;22;91;89;64.4;23.5;6;18.5;16.0;14.2;900304305;0.5;1.3
9003043052018;2018;1148431.0;58;81;112;72.7;23.9;8;15.0;13.0;11.2;900304305;0.5;1.1
9003617752020;2020;-1567496.0;42;106;177;61.3;23.4;-3;20.6;18.9;19.6;900361775;0.9;1.5
9003617752019;2019;220041.0;44;50;101;46.6;1.4;0;16.2;12.3;13.4;900361775;0.9;1.4
9003617752018;2018;7854150.0;63;68;49;45.1;40.5;22;10.9;6.6;8.9;900361775;1.0;1.7
9004815862020;2020;2125839.0;47;98;147;43.4;0.1;3;29.5;28.8;25.0;900481586;0.9;1.5
9004815862019;2019;1842454.0;48;69;121;37.7;0.4;3;27.5;25.7;23.1;900481586;1.1;1.7
9004815862018;2018;3200338.0;48;73;109;37.4;0.7;6;27.0;9.6;7.0;900481586;0.9;1.5
9004881652020;2020;109419.0;124;153;310;62.4;0.9;6;35.1;13.8;11.5;900488165;1.4;2.5
9004881652019;2019;44847.0;105;70;210;54.7;15.2;3;32.9;16.3;11.4;900488165;1.2;1.6
9004881652018;2018;177136.0;36;14;39;36.4;12.9;4;19.0;3.0;1.5;900488165;1.3;1.5
9005062072020;2020;411932.0;0;175;65;48.5;0.0;23;22.5;18.7;18.6;900506207;0.2;1.0
9005062072019;2019;209141.0;0;122;78;31.9;1.7;8;28.9;28.6;27.6;900506207;0.3;1.5
9006484242020;2020;234588.0;78;73;141;71.1;11.8;6;19.2;9.3;10.9;900648424;0.7;1.2
9006484242019;2019;369862.0;118;76;178;79.8;14.4;9;16.9;9.0;9.7;900648424;0.7;1.1
9006484242018;2018;372798.0;120;85;182;81.3;21.7;11;17.6;9.0;10.2;900648424;0.7;1.0
9007490942020;2020;2316776.0;25;44;17;58.0;51.1;12;26.0;18.6;18.4;900749094;1.1;1.7
9007490942019;2019;2708726.0;26;55;28;70.8;50.5;13;26.1;17.5;17.9;900749094;0.8;1.4
9007490942018;2018;2553615.0;29;83;52;75.6;53.4;14;26.3;17.7;19.2;900749094;0.7;1.4
9008390782020;2020;-48817212.0;83;95;642;97.6;0.7;-109;12.4;-13.8;-3.0;900839078;0.2;0.3
9008390782019;2019;-44763769.0;74;101;545;88.5;0.5;-89;10.8;-13.9;-3.4;900839078;0.2;0.4
9008390782018;2018;653975.0;75;88;173;78.7;64.6;1;17.4;-5.2;1.2;900839078;0.4;0.7
9008598962020;2020;980586.0;81;60;98;56.8;23.3;14;21.2;11.6;10.2;900859896;1.2;1.8
9008598962019;2019;676274.0;157;101;251;82.5;5.7;10;20.4;7.9;6.6;900859896;0.9;1.3
9008598962018;2018;355793.0;141;40;175;80.4;5.5;8;19.5;10.4;9.1;900859896;1.1;1.3
9009161212020;2020;132758.0;51;14;77;34.6;55.2;0;18.7;-10.5;4.8;900916121;0.7;0.8
9009161212019;2019;-2186129.0;61;13;98;37.8;31.9;-2;17.4;7.3;4.4;900916121;0.7;0.8
9009161212018;2018;280954.0;54;8;78;26.3;27.4;0;23.6;9.2;10.4;900916121;0.9;1.0
9010268522020;2020;-823501.0;67;46;140;90.3;68.1;-3;13.0;5.9;10.9;901026852;0.5;0.8
9010268522019;2019;34610.0;80;57;147;92.1;70.3;0;12.2;3.3;10.4;901026852;0.6;1.0
9010268522018;2018;-6187395.0;277;230;1083;90.1;51.4;-175;-6.9;-29.2;-15.8;901026852;0.3;0.5
9011677922020;2020;9841244.0;43;186;25;49.1;29.2;36;44.4;34.5;30.8;901167792;1.0;1.8
9011677922019;2019;10196967.0;33;195;4;40.7;40.8;38;44.8;32.9;30.2;901167792;0.9;2.1
9011677922018;2018;9481452.0;38;193;6;47.3;38.0;40;43.2;33.4;27.6;901167792;0.8;1.8
